<?xml version="1.0" encoding="UTF-8" standalone="no"?><TaskList Version="2.0"><Task Active="false" ConnectorKind="local" CreationDate="2011-03-10 14:40:12.51 BRT" DueDate="" EndDate="" Estimated="0" Handle="local-9" IssueURL="" Kind="task" Label="Java Task: FIXME implement a guard clause here!" LastModified="now" MarkReadPending="false" ModificationDate="" Notes="Resource: Chess/src/br/com/abacomm/agilejava/chess/pieces/Piece.java&#10;Location: line 318" NotifiedIncoming="true" Owner="local" Priority="P3" Reminded="false" RepositoryUrl="local" ScheduledEndDate="2011-03-12 23:59:59.999 BRT" ScheduledStartDate="2011-03-06 00:00:00.0 BRT" Stale="false" TaskId="9" offlineSyncState="SYNCHRONIZED"/><Task Active="false" ConnectorKind="local" CreationDate="2011-03-10 14:45:32.390 BRT" DueDate="" EndDate="" Estimated="0" Handle="local-10" IssueURL="" Kind="task" Label="Java Task: FIXME BIG PROBLEM: I can't use same key twice in map structure. How to" LastModified="now" MarkReadPending="false" ModificationDate="" Notes="Resource: Chess/src/br/com/abacomm/agilejava/chess/pieces/Piece.java&#10;Location: line 197" NotifiedIncoming="true" Owner="local" Priority="P3" Reminded="false" RepositoryUrl="local" ScheduledEndDate="2011-03-12 23:59:59.999 BRT" ScheduledStartDate="2011-03-06 00:00:00.0 BRT" Stale="false" TaskId="10" offlineSyncState="SYNCHRONIZED"/><TaskCategory Handle="handle-3" Name="Bug"><TaskReference Handle="local-9"/><TaskReference Handle="local-10"/></TaskCategory><TaskCategory Handle="handle-1" Name="DOUBT"/><TaskCategory Handle="handle-2" Name="Refactor"/><TaskCategory Handle="Uncategorized" Name="Uncategorized"/></TaskList>