<?xml version="1.0" encoding="UTF-8"?><InteractionHistory Id="activity" Version="1"><InteractionEvent Delta="added" EndDate="2011-03-10 12:59:45.596 BRT" Interest="1.0" Kind="attention" Navigation="" OriginId="org.eclipse.ui.workbench" StartDate="2011-03-10 12:55:15.189 BRT" StructureHandle="none" StructureKind="workingset"/><InteractionEvent Delta="added" EndDate="2011-03-10 13:00:15.647 BRT" Interest="1.0" Kind="attention" Navigation="" OriginId="org.eclipse.ui.workbench" StartDate="2011-03-10 12:59:45.596 BRT" StructureHandle="none" StructureKind="workingset"/><InteractionEvent Delta="added" EndDate="2011-03-10 13:11:48.788 BRT" Interest="1.0" Kind="attention" Navigation="" OriginId="org.eclipse.ui.workbench" StartDate="2011-03-10 13:00:15.647 BRT" StructureHandle="none" StructureKind="workingset"/><InteractionEvent Delta="added" EndDate="2011-03-10 14:49:50.658 BRT" Interest="1.0" Kind="attention" Navigation="" OriginId="org.eclipse.ui.workbench" StartDate="2011-03-10 14:06:09.721 BRT" StructureHandle="none" StructureKind="workingset"/><InteractionEvent Delta="added" EndDate="2011-03-10 14:59:44.530 BRT" Interest="1.0" Kind="attention" Navigation="" OriginId="org.eclipse.ui.workbench" StartDate="2011-03-10 14:59:14.482 BRT" StructureHandle="none" StructureKind="workingset"/><InteractionEvent Delta="added" EndDate="2011-03-10 15:00:14.590 BRT" Interest="1.0" Kind="attention" Navigation="" OriginId="org.eclipse.ui.workbench" StartDate="2011-03-10 14:59:44.530 BRT" StructureHandle="none" StructureKind="workingset"/><InteractionEvent Delta="added" EndDate="2011-03-10 15:09:18.413 BRT" Interest="1.0" Kind="attention" Navigation="" OriginId="org.eclipse.ui.workbench" StartDate="2011-03-10 15:00:14.590 BRT" StructureHandle="none" StructureKind="workingset"/><InteractionEvent Delta="added" EndDate="2011-03-10 17:17:23.884 BRT" Interest="1.0" Kind="attention" Navigation="" OriginId="org.eclipse.ui.workbench" StartDate="2011-03-10 17:07:48.808 BRT" StructureHandle="none" StructureKind="workingset"/></InteractionHistory>